{"cameraMode":{"drawMode":0,"name":"Shaded","section":"Shading Mode"},"sceneLighting":false,"audioPlay":false,"sceneViewState":{"m_AlwaysRefresh":false,"showFog":true,"showSkybox":false,"showFlares":true,"showImageEffects":true,"showParticleSystems":true,"showVisualEffectGraphs":true,"m_FxEnabled":true},"in2DMode":false,"pivot":{"x":0.06059092655777931,"y":1.0386918783187867,"z":3.4528634548187258},"rotation":{"x":-0.009908348321914673,"y":-0.008413012139499188,"z":0.00006533454143209383,"w":-0.9999710321426392},"size":1.157726526260376,"orthographic":false}